Year,Age group (condensed),Incidence,Inc_LCI,Inc_UCI,CoB
2e3,0-14,35.22075868389369,28.593914382773328,42.92282351637417,Non-UK born
2001,0-14,44.55958549222798,37.202358798544566,52.94597464823164,Non-UK born
2002,0-14,46.541816397283476,39.32231060357351,54.70296084242218,Non-UK born
2003,0-14,33.98595428481317,28.28960901810506,40.49273025400628,Non-UK born
2004,0-14,36.15013149610332,29.972051618151795,43.226696079624354,Non-UK born
2005,0-14,38.235347668554155,32.304330458968984,44.939946229331014,Non-UK born
2006,0-14,30.083729034649238,25.041431088405307,35.8434050321493,Non-UK born
2007,0-14,31.638825232841977,26.682388203522336,37.2488971337292,Non-UK born
2008,0-14,33.0867004787579,27.987430181900475,38.84628105818765,Non-UK born
2009,0-14,24.0322512812194,19.92512464245792,28.736681700712808,Non-UK born
2010,0-14,19.403558375011386,15.75274660820803,23.646722638633534,Non-UK born
2011,0-14,26.68046829236979,22.338998550461106,31.619370788096617,Non-UK born
2012,0-14,23.180474125502478,19.265240311925005,27.657588554714234,Non-UK born
2013,0-14,17.466174173482774,14.008382428055603,21.518815087292023,Non-UK born
2014,0-14,13.023033170017458,10.225882089341702,16.3492255698275,Non-UK born
2015,0-14,8.784658732276137,6.599306007493761,11.462074089439328,Non-UK born
2016,0-14,0,0,0.5943564828082023,Non-UK born
2e3,15-64,98.59714653224489,95.24640323983523,102.03567447499648,Non-UK born
2001,15-64,99.62646654428042,96.30893551432116,103.02912174866154,Non-UK born
2002,15-64,109.35903177682509,105.9638332663144,112.83532749882227,Non-UK born
2003,15-64,110.16332899428858,106.83965379320172,113.56410718289932,Non-UK born
2004,15-64,112.36256410494462,109.05067358309942,115.74947786463434,Non-UK born
2005,15-64,119.97073813255197,116.64596769444015,123.36623684509058,Non-UK born
2006,15-64,112.0503427776615,108.97251975906148,115.19305117698381,Non-UK born
2007,15-64,100.3296545793321,97.52997246780848,103.18931438587737,Non-UK born
2008,15-64,98.58654745131345,95.88149134399032,101.34856734572409,Non-UK born
2009,15-64,99.49034679871829,96.81534756786084,102.22052424400093,Non-UK born
2010,15-64,93.3663565016169,90.80604916843745,95.98054698232342,Non-UK born
2011,15-64,95.14360100504246,92.63716698478777,97.70067272608334,Non-UK born
2012,15-64,89.56918065051698,87.15543856010846,92.03282755986156,Non-UK born
2013,15-64,77.47921953215487,75.27889016041034,79.72753746312823,Non-UK born
2014,15-64,64.411484075324,62.44116394665682,66.42816014111672,Non-UK born
2015,15-64,55.15094207530793,53.36589754840169,56.980477000395595,Non-UK born
2016,15-64,0,0,0.05441298658900901,Non-UK born
2e3,65+,87.75074690567648,80.32763898740717,95.6753063788318,Non-UK born
2001,65+,78.24626378074473,71.47738360019765,85.48338489014175,Non-UK born
2002,65+,88.4593383991673,81.32089423404116,96.0565278816652,Non-UK born
2003,65+,74.33826950100637,67.73424806467982,81.41221156132448,Non-UK born
2004,65+,84.38107910094571,77.15306749078334,92.10389096547438,Non-UK born
2005,65+,93.0839255696032,85.83101819993705,100.7859957707305,Non-UK born
2006,65+,86.83428900529466,79.93934058027918,94.16483075327099,Non-UK born
2007,65+,84.36357428404774,77.70921672922029,91.43538333100055,Non-UK born
2008,65+,78.1588413658022,71.93186997128355,84.78060459220349,Non-UK born
2009,65+,88.7200834950143,82.12365402332547,95.70534052763449,Non-UK born
2010,65+,81.43079332593219,75.04457529471554,88.21521821225939,Non-UK born
2011,65+,82.47882589575765,76.19246763786813,89.14553871907273,Non-UK born
2012,65+,80.22655093403117,74.19040862498049,86.62296789078361,Non-UK born
2013,65+,65.76433464068295,60.52042151910832,71.34100976973752,Non-UK born
2014,65+,68.32212653847665,62.76039226115326,74.24459296186849,Non-UK born
2015,65+,60.951326359141724,55.73537378826229,66.52397279945542,Non-UK born
2016,65+,0,0,0.42422075542442267,Non-UK born
2e3,All cases (crude),92.85923931490836,89.96086782397731,95.82721932470655,Non-UK born
2001,All cases (crude),92.85691227131652,90.0108647711787,95.77005365866555,Non-UK born
2002,All cases (crude),102.04961939915508,99.13326915515293,105.02998266663528,Non-UK born
2003,All cases (crude),99.58450165582573,96.77153009252221,102.45848892375619,Non-UK born
2004,All cases (crude),103.6368670770781,100.7776809943964,106.55659823591377,Non-UK born
2005,All cases (crude),110.45794801058206,107.60583425684452,113.36651951364833,Non-UK born
2006,All cases (crude),102.88778661661807,100.24129074458156,105.58646637076126,Non-UK born
2007,All cases (crude),93.25690329149258,90.83064191836425,95.73156393886843,Non-UK born
2008,All cases (crude),91.49290608490536,89.14580848581527,93.88615800392645,Non-UK born
2009,All cases (crude),92.46932967707478,90.15034372799069,94.8328778236215,Non-UK born
2010,All cases (crude),86.41487908469215,84.19306451311637,88.68048432512647,Non-UK born
2011,All cases (crude),88.88323464232627,86.6900187103191,91.11790703698526,Non-UK born
2012,All cases (crude),83.59659171326997,81.49370133180815,85.7400175815551,Non-UK born
2013,All cases (crude),72.03144244977808,70.11655331706379,73.98537762819183,Non-UK born
2014,All cases (crude),61.01440595431663,59.277431711444606,62.789357349370164,Non-UK born
2015,All cases (crude),52.1780841520723,50.605162541051534,53.78746349843553,Non-UK born
2016,All cases (crude),0,0,0.04460756759783646,Non-UK born
2e3,All cases (adj),92.68420123636146,89.78571465976337,95.65482034056647,Non-UK born
2001,All cases (adj),93.07844414922626,90.21855649023975,96.00801321999101,Non-UK born
2002,All cases (adj),102.30106023742798,99.37204668087693,105.29551968771344,Non-UK born
2003,All cases (adj),100.36796161897122,97.53087920937914,103.2668980569062,Non-UK born
2004,All cases (adj),103.48987814286174,100.63433138027943,106.40716636855763,Non-UK born
2005,All cases (adj),110.82339566111237,107.96089672456624,113.74275809362139,Non-UK born
2006,All cases (adj),103.08318166483463,100.43153794893908,105.78717809648147,Non-UK born
2007,All cases (adj),93.42423937497757,90.99357724397221,95.90349665179508,Non-UK born
2008,All cases (adj),91.38812390976437,89.04369661324256,93.77904010849943,Non-UK born
2009,All cases (adj),92.70308266792733,90.37814066720938,95.07298403084756,Non-UK born
2010,All cases (adj),86.55095313413904,84.32513517036136,88.82159162960843,Non-UK born
2011,All cases (adj),88.6442617129927,86.45620134987911,90.87478693281372,Non-UK born
2012,All cases (adj),83.61339099938606,81.5098814843339,85.75800871313325,Non-UK born
2013,All cases (adj),71.70972163864016,69.8032694526477,73.65622286509085,Non-UK born
2014,All cases (adj),61.11575485564675,59.374526883013544,62.896522160399925,Non-UK born
2015,All cases (adj),52.44530409416578,50.862290867904825,54.06680758414552,Non-UK born
2016,All cases (adj),0,NaN,0.050041970985789906,Non-UK born
2e3,0-14,3.492127573677836,3.1338187095870618,3.8801757580770935,Total
2001,0-14,4.395278608954648,3.9790862646489753,4.843169414090845,Total
2002,0-14,4.179368988908864,3.7727850527273503,4.617826698256777,Total
2003,0-14,3.5114386472851193,3.1388960747945864,3.916034073811675,Total
2004,0-14,4.381428411056458,3.963540413119489,4.831390476152256,Total
2005,0-14,4.532683102648889,4.107025101431449,4.990474707906745,Total
2006,0-14,3.96399857077046,3.566121956745722,4.394128263676808,Total
2007,0-14,4.981437046270012,4.5346554000807835,5.460334572304314,Total
2008,0-14,4.8992444843577765,4.457463094116448,5.372964743872761,Total
2009,0-14,4.236685459392882,3.827611353703296,4.6775718271516675,Total
2010,0-14,3.8073445069778433,3.421542872381936,4.224740780216412,Total
2011,0-14,4.005841710443272,3.6111248559254037,4.431928361358852,Total
2012,0-14,4.175097252880896,3.7739592543537346,4.607265795485707,Total
2013,0-14,3.03807237126873,2.699003776509675,3.4079523819403237,Total
2014,0-14,2.7179594180755875,2.399371322236669,3.0670773216376266,Total
2015,0-14,2.2466315334342686,1.9595473783874346,2.563940121261246,Total
2e3,15-64,13.448225069966123,13.060907763508519,13.844111473084228,Total
2001,15-64,14.400802287995509,13.99009404974901,14.820506815124658,Total
2002,15-64,15.855628589992392,15.426050211569859,16.294137214631267,Total
2003,15-64,16.22052696711392,15.787551701604004,16.662367773941565,Total
2004,15-64,16.808070537001814,16.368902380810702,17.256037450755752,Total
2005,15-64,18.484664430634634,18.02657405907426,18.951451844085007,Total
2006,15-64,18.55913550723799,18.102529298462617,19.02434677490543,Total
2007,15-64,17.89927493861053,17.453027835587285,18.354045974601377,Total
2008,15-64,18.5184263580856,18.06617884835309,18.979132942667693,Total
2009,15-64,19.146829549619902,18.688140068352336,19.61393256281428,Total
2010,15-64,18.09248939274579,17.64803283781275,18.5453092420172,Total
2011,15-64,19.507756376529994,19.047691588083435,19.97612652800533,Total
2012,15-64,18.92859354026841,18.475200346184312,19.390301849053532,Total
2013,15-64,17.071541191982345,16.641281942018505,17.51011028009132,Total
2014,15-64,14.910604884268608,14.509360905459111,15.32013266736221,Total
2015,15-64,13.301280638683679,12.92341822752316,13.687386787148155,Total
2e3,65+,13.575152041702868,12.793380488509753,14.392199659596804,Total
2001,65+,14.02586118660062,13.208777306166246,14.88025894501473,Total
2002,65+,14.275102672882912,13.453022068976031,15.134278216423072,Total
2003,65+,12.422657919097599,11.658880891799331,13.223329449731889,Total
2004,65+,12.18677358930573,11.432584921942102,12.97764285874002,Total
2005,65+,13.24114110983184,12.457015457867582,14.061692114409595,Total
2006,65+,13.036223319196273,12.259541299957169,13.849213261628018,Total
2007,65+,12.528971708646516,11.771050686600773,13.322890531183427,Total
2008,65+,12.024270116500874,11.287558790380187,12.79643943910345,Total
2009,65+,13.166216820925284,12.40160681965433,13.965630939487228,Total
2010,65+,12.062662789020758,11.338185705751098,12.821292038157914,Total
2011,65+,12.348695545889667,11.622447964232151,13.108438364102044,Total
2012,65+,11.858875407607435,11.160157040592967,12.589880806742075,Total
2013,65+,10.725210122234081,10.070037709515741,11.411818632767648,Total
2014,65+,10.222581777508811,9.590907305216055,10.884929714830177,Total
2015,65+,8.700960050545884,8.124112362471656,9.30795579968726,Total
2e3,All cases (crude),11.576480335710258,11.286255948794699,11.872279877124594,Total
2001,All cases (crude),12.463158051408392,12.153920460775476,12.77827386544056,Total
2002,All cases (crude),13.434175669298826,13.113782185785567,13.760419240868362,Total
2003,All cases (crude),13.275776393061687,12.958070376382883,13.599303726072806,Total
2004,All cases (crude),13.802281520322905,13.479163843773973,14.131188783158324,Total
2005,All cases (crude),15.128630708345964,14.791625561149706,15.471377241699113,Total
2006,All cases (crude),15.071072241353148,14.73589301967027,15.411952353930587,Total
2007,All cases (crude),14.74861579920069,14.418398817081897,15.084487672967477,Total
2008,All cases (crude),15.064887574078922,14.732524415748632,15.402857858182049,Total
2009,All cases (crude),15.541307356155594,15.204927098787747,15.883253458223175,Total
2010,All cases (crude),14.581387660286037,14.256993964961584,14.911300614625027,Total
2011,All cases (crude),15.59111539159619,15.257079663273565,15.930621302115295,Total
2012,All cases (crude),15.11579048826452,14.78809750909819,15.448914359955184,Total
2013,All cases (crude),13.479791831617444,13.171502972686062,13.793475183033257,Total
2014,All cases (crude),11.915322121123227,11.626778095889218,12.209217116436164,Total
2015,All cases (crude),10.509921572220017,10.240190817146184,10.784958754392068,Total
2e3,All cases (adj),11.671578986592463,11.378932542640786,11.96988571261371,Total
2001,All cases (adj),12.53325449927614,12.222240261138117,12.850233321643232,Total
2002,All cases (adj),13.489533040719472,13.167790629499402,13.817203093259915,Total
2003,All cases (adj),13.30577742041604,12.987331888229646,13.630111829269424,Total
2004,All cases (adj),13.80980645610753,13.48649216819217,14.138969966901882,Total
2005,All cases (adj),15.109391131699123,14.7727884718403,15.451791037582598,Total
2006,All cases (adj),15.022115600533432,14.687986950338242,15.362001407826723,Total
2007,All cases (adj),14.689986920749016,14.36104208128087,15.024638619180829,Total
2008,All cases (adj),14.998946056895145,14.668009101068067,15.33552605840142,Total
2009,All cases (adj),15.478177117341177,15.143148062577756,15.818793781134795,Total
2010,All cases (adj),14.52862942776864,14.205403355102346,14.857399353293088,Total
2011,All cases (adj),15.539775044457558,15.206834341304651,15.878215600678265,Total
2012,All cases (adj),15.110318436488225,14.78271236985111,15.443389546712712,Total
2013,All cases (adj),13.501416297215604,13.192556225626891,13.815707173572376,Total
2014,All cases (adj),11.943684802392003,11.654321943935908,12.238438873001428,Total
2015,All cases (adj),10.554129574097951,10.28310692473811,10.830512399902217,Total
2e3,0-14,3.7003626034510693,3.3206878369389883,4.11155004136469,Total (LFS)
2001,0-14,4.393774366332661,3.977724459928871,4.841511885067922,Total (LFS)
2002,0-14,4.183038947452036,3.776097984601169,4.621881672246183,Total (LFS)
2003,0-14,3.511303516532424,3.138775280603992,3.915883373006355,Total (LFS)
2004,0-14,4.3779694912156915,3.9604113950713966,4.827576333637846,Total (LFS)
2005,0-14,4.538324454985508,4.11213668217244,4.996685825144973,Total (LFS)
2006,0-14,3.9696534251310203,3.5712092189980575,4.400396720874531,Total (LFS)
2007,0-14,5.0056895809425495,4.556732741678589,5.48691865884569,Total (LFS)
2008,0-14,4.904185162023513,4.461958254222308,5.378383148076429,Total (LFS)
2009,0-14,4.244963410472909,3.835090025377886,4.686711214800243,Total (LFS)
2010,0-14,3.8240262817247417,3.4365342679279185,4.243251365200367,Total (LFS)
2011,0-14,4.0280485015606,3.6311434939971656,4.456497207179965,Total (LFS)
2012,0-14,4.199156224093274,3.795706670415607,4.633815135160341,Total (LFS)
2013,0-14,3.04887408013845,2.708599944562761,3.420069180019171,Total (LFS)
2014,0-14,2.723253739426035,2.4040450648740643,3.0730516908056984,Total (LFS)
2015,0-14,2.257233046794698,1.968794185174934,2.576038965707421,Total (LFS)
2016,0-14,0,0,0.03740236643465358,Total (LFS)
2e3,15-64,14.361539438737827,13.947918106327258,14.784311824094333,Total (LFS)
2001,15-64,14.5433396049403,14.128566228574686,14.967198314316395,Total (LFS)
2002,15-64,16.011037475224057,15.57724858590747,16.45384414053239,Total (LFS)
2003,15-64,16.386087767951807,15.948693180440447,16.832438386203552,Total (LFS)
2004,15-64,16.984741164196056,16.540956885444817,17.437416684773183,Total (LFS)
2005,15-64,18.6766072893849,18.213760154410547,19.148241775439836,Total (LFS)
2006,15-64,18.750021684105473,18.288719145940565,19.220017786728512,Total (LFS)
2007,15-64,18.068447981592442,17.61798322279268,18.527517236381673,Total (LFS)
2008,15-64,18.712019056557818,18.255043725244064,19.1775418943781,Total (LFS)
2009,15-64,19.339026913615573,18.875733071664495,19.81081874318123,Total (LFS)
2010,15-64,18.26547685443391,17.816770723359106,18.72262624369437,Total (LFS)
2011,15-64,19.689781237184587,19.225423631696817,20.16252170218607,Total (LFS)
2012,15-64,19.092153113527324,18.63484220642429,19.557850985181673,Total (LFS)
2013,15-64,17.231258229534383,16.79697358244847,17.673930459517134,Total (LFS)
2014,15-64,15.059490887353599,14.654240390181464,15.473107904603046,Total (LFS)
2015,15-64,13.427519576911532,13.04607097349804,13.817290156760434,Total (LFS)
2016,15-64,0,0,0.01051164025989458,Total (LFS)
2e3,65+,15.138142615836058,14.266360905481344,16.04926194073284,Total (LFS)
2001,65+,14.693356076170678,13.83738693177397,15.588414877055847,Total (LFS)
2002,65+,14.93959622454492,14.079248487100692,15.838765638637943,Total (LFS)
2003,65+,12.98579222495136,12.187392249094444,13.82275917719003,Total (LFS)
2004,65+,12.727204163209894,11.939570498173296,13.553145055993175,Total (LFS)
2005,65+,13.82380487809953,13.005174525718658,14.68046344594675,Total (LFS)
2006,65+,13.603485601682168,12.793006799110076,14.451852241727153,Total (LFS)
2007,65+,13.072895905846384,12.282071019617389,13.90128137642371,Total (LFS)
2008,65+,12.540714656391371,11.772361447797635,13.346048788721715,Total (LFS)
2009,65+,13.718397760601803,12.92172060786811,14.551338688358978,Total (LFS)
2010,65+,12.556337905760854,11.802210958699577,13.34601472620798,Total (LFS)
2011,65+,12.83993672936558,12.084798426401981,13.629902736721217,Total (LFS)
2012,65+,12.340108558485738,11.613036200913344,13.100778155905905,Total (LFS)
2013,65+,11.146262416969838,10.46536912375791,11.859825932174683,Total (LFS)
2014,65+,10.620965939270297,9.964674485609473,11.309126233347252,Total (LFS)
2015,65+,9.034862809083192,8.43587836446889,9.665152258446303,Total (LFS)
2016,65+,0,0,0.038723717914518826,Total (LFS)
2e3,All cases (crude),12.427864441565564,12.116295706196418,12.745418352250724,Total (LFS)
2001,All cases (crude),12.6342525143249,12.320769704361162,12.953694244046812,Total (LFS)
2002,All cases (crude),13.619137970193393,13.294333295598449,13.949873277105311,Total (LFS)
2003,All cases (crude),13.45769259210875,13.135633092118882,13.785653177154751,Total (LFS)
2004,All cases (crude),13.99045894319288,13.66293594774307,14.32385045893913,Total (LFS)
2005,All cases (crude),15.33875354716189,14.997067706809084,15.6862605162723,Total (LFS)
2006,All cases (crude),15.278754622166405,14.938956563970539,15.624332130670176,Total (LFS)
2007,All cases (crude),14.952825493048111,14.618036318545991,15.293347856965816,Total (LFS)
2008,All cases (crude),15.272539105995728,14.935594717394675,15.61516790791993,Total (LFS)
2009,All cases (crude),15.75240084298647,15.411451621129244,16.098991508946874,Total (LFS)
2010,All cases (crude),14.779748817437177,14.450942160172735,15.114149816186373,Total (LFS)
2011,All cases (crude),15.80214372492483,15.463586767604175,16.14624490426548,Total (LFS)
2012,All cases (crude),15.31823133041302,14.986149666267222,15.655816621251903,Total (LFS)
2013,All cases (crude),13.659761435586933,13.347356591442788,13.977632794446137,Total (LFS)
2014,All cases (crude),12.076201277883019,11.783761368089968,12.374064405869273,Total (LFS)
2015,All cases (crude),10.653154958298023,10.379748205347981,10.931940456442668,Total (LFS)
2016,All cases (crude),0,0,0.006770807351853896,Total (LFS)
2e3,All cases (adj),12.540553481523787,12.226089208951636,12.861133261745444,Total (LFS)
2001,All cases (adj),12.715576934291375,12.40001556850862,13.037211988988078,Total (LFS)
2002,All cases (adj),13.68188653984229,13.35553684837867,14.014268933167166,Total (LFS)
2003,All cases (adj),13.493846865682398,13.17088521233443,13.822798693360316,Total (LFS)
2004,All cases (adj),14.004425699230499,13.676541859491376,14.33825715402219,Total (LFS)
2005,All cases (adj),15.321763130725163,14.980415573290516,15.669004639381713,Total (LFS)
2006,All cases (adj),15.231099118445307,14.892307304057887,15.575742684385425,Total (LFS)
2007,All cases (adj),14.887018504799101,14.553644398982543,15.226191274505565,Total (LFS)
2008,All cases (adj),15.206790250292777,14.871257558091589,15.548057226948302,Total (LFS)
2009,All cases (adj),15.687120697232862,15.347562299238357,16.032346764429768,Total (LFS)
2010,All cases (adj),14.71849399980606,14.391040106060906,15.051568165777267,Total (LFS)
2011,All cases (adj),15.737900048361068,15.400712930923753,16.080663966168935,Total (LFS)
2012,All cases (adj),15.29615027269997,14.964522488981487,15.633318184769488,Total (LFS)
2013,All cases (adj),13.67148536120332,13.358744541435401,13.989728255114843,Total (LFS)
2014,All cases (adj),12.099614300133954,11.806484498531923,12.398204423390904,Total (LFS)
2015,All cases (adj),10.687693222579485,10.413251499472645,10.967561487769405,Total (LFS)
2016,All cases (adj),0,NaN,0.0069142752049493736,Total (LFS)
2e3,0-14,2.734032643026839,2.4043198267982278,3.0963327604756103,UK born
2001,0-14,3.101776973563966,2.7484561527780476,3.487921641311775,UK born
2002,0-14,2.68236730699301,2.353049746560674,3.0448730807424993,UK born
2003,0-14,2.24237236654317,1.9408964880512218,2.577406884551103,UK born
2004,0-14,3.187476157508795,2.8262712668917986,3.5820494774311133,UK born
2005,0-14,3.059777782496838,2.7043800446069035,3.4488972814545145,UK born
2006,0-14,2.723275247519292,2.3875742789851384,3.092957918380637,UK born
2007,0-14,3.605548800929677,3.2165285423737515,4.028652141816258,UK born
2008,0-14,3.4537005143040385,3.075123169874788,3.8660168124142342,UK born
2009,0-14,3.114362719521066,2.755212202611275,3.5073268583373545,UK born
2010,0-14,2.9276582481872726,2.580633836574534,3.308343521251286,UK born
2011,0-14,2.75044032512242,2.415464760595735,3.11888036825675,UK born
2012,0-14,3.067468463221896,2.714354340882098,3.4537638661083725,UK born
2013,0-14,2.245407312462033,1.9471296839165817,2.5764519785475724,UK born
2014,0-14,2.079703709344131,1.7937635637118083,2.3982677797567264,UK born
2015,0-14,1.8183602684337916,1.5522629934036607,2.1169850852908803,UK born
2016,0-14,0,0,0.03992959274721042,UK born
2e3,15-64,4.5494228749689665,4.3049850246482695,4.8041239054934515,UK born
2001,15-64,4.368967833622989,4.130002068659829,4.618154403262582,UK born
2002,15-64,4.323861482602198,4.0864237795318745,4.5714964953279305,UK born
2003,15-64,4.053543722592615,3.82389602014242,4.293379032675391,UK born
2004,15-64,4.153718106896994,3.921713148539051,4.395864499330519,UK born
2005,15-64,4.298819395720654,4.063318360716084,4.544409592575906,UK born
2006,15-64,4.307761248879058,4.071957024084177,4.553659330218005,UK born
2007,15-64,4.283520518685587,4.04829807293804,4.5288451347547545,UK born
2008,15-64,4.603044038014499,4.35895660904729,4.857241107442568,UK born
2009,15-64,4.739835904184373,4.492230910108873,4.997538270217961,UK born
2010,15-64,4.303334577820483,4.067958699937553,4.548777717320389,UK born
2011,15-64,4.712246804462259,4.4653713410956994,4.96922005278281,UK born
2012,15-64,4.848218990963121,4.597288719841814,5.109284450276009,UK born
2013,15-64,4.463290849403775,4.221726637395659,4.7150745629552215,UK born
2014,15-64,4.18249250777229,3.9483010904027647,4.42694730522346,UK born
2015,15-64,3.821658114958153,3.597615233339596,4.055999844014622,UK born
2016,15-64,0,0,0.013040393609036562,UK born
2e3,65+,8.925793205002535,8.23198873399053,9.662454898677181,UK born
2001,65+,8.880990779691102,8.189002307118638,9.615833170814774,UK born
2002,65+,8.115727074051,7.456807254462482,8.81726533622543,UK born
2003,65+,7.472683748263679,6.844123332387451,8.143450538318563,UK born
2004,65+,6.689905685113099,6.099301247615566,7.322256787798192,UK born
2005,65+,6.468738435352922,5.887939565750138,7.091334347742491,UK born
2006,65+,6.600507344803264,6.0141351802599194,7.228603839909467,UK born
2007,65+,5.999271053277197,5.442392421184465,6.597671748151946,UK born
2008,65+,5.736473924864754,5.195219478004643,6.31879502751808,UK born
2009,65+,5.98113219684522,5.433428342821579,6.569086960103578,UK born
2010,65+,5.782802479633651,5.250878766833867,6.3540047593496976,UK born
2011,65+,5.7973736585703675,5.269436106588325,6.363880714053398,UK born
2012,65+,5.337621010904848,4.839869078199497,5.872669417891303,UK born
2013,65+,5.181464043738498,4.696586090117607,5.702809265709979,UK born
2014,65+,5.008269022696663,4.540144383447026,5.51155718070273,UK born
2015,65+,4.021778575879998,3.6073734896631713,4.470735758339103,UK born
2016,65+,0,0,0.04261356967267845,UK born
2e3,All cases (crude),4.853392290257914,4.650573971794401,5.062779488768967,UK born
2001,All cases (crude),4.807679863440284,4.605936069156846,5.015985700696172,UK born
2002,All cases (crude),4.582384078336677,4.385527394514262,4.785800411066943,UK born
2003,All cases (crude),4.2289090244311565,4.039937873869348,4.424437855231498,UK born
2004,All cases (crude),4.361914731143432,4.1704408689887895,4.5599122873202544,UK born
2005,All cases (crude),4.397364932690487,4.205209884839417,4.596036315327561,UK born
2006,All cases (crude),4.36062576434006,4.16915993123782,4.558616722545865,UK born
2007,All cases (crude),4.424310250367821,4.231365169713133,4.623784952184035,UK born
2008,All cases (crude),4.559978074607625,4.364368672542452,4.7620958102317585,UK born
2009,All cases (crude),4.6258108234632695,4.429131087193218,4.828974981881684,UK born
2010,All cases (crude),4.28129168270219,4.0928305392323185,4.4761924030217255,UK born
2011,All cases (crude),4.512631202879306,4.319286713436102,4.712400666486573,UK born
2012,All cases (crude),4.585329126525941,4.390878538537442,4.786173452755246,UK born
2013,All cases (crude),4.15128762678852,3.9665601177397667,4.3423979479379815,UK born
2014,All cases (crude),3.9168436032000113,3.7379186190904488,4.102120303122774,UK born
2015,All cases (crude),3.461568672169403,3.293702120512716,3.6357736808544243,UK born
2016,All cases (crude),0,0,0.00798750196389608,UK born
2e3,All cases (adj),4.91534999644297,4.709793510306775,5.127706844361793,UK born
2001,All cases (adj),4.865524706397911,4.661201013443132,5.076641227234082,UK born
2002,All cases (adj),4.627384694842169,4.428471531114955,4.833063937862306,UK born
2003,All cases (adj),4.261905806526892,4.071371671066741,4.459170250076662,UK born
2004,All cases (adj),4.382713598419222,4.1902625396114725,4.581829827724482,UK born
2005,All cases (adj),4.413371859164397,4.22044241664207,4.612959696509197,UK born
2006,All cases (adj),4.374467893448088,4.182321428899092,4.573272618990793,UK born
2007,All cases (adj),4.433642028945331,4.240231433051349,4.633694879404996,UK born
2008,All cases (adj),4.563784734415548,4.367977803952721,4.766186021212049,UK born
2009,All cases (adj),4.62446550337854,4.427827054352301,4.827630514875223,UK born
2010,All cases (adj),4.27667096174457,4.088407279432155,4.471411909128542,UK born
2011,All cases (adj),4.504661664539751,4.31165214490236,4.704120704771601,UK born
2012,All cases (adj),4.577786244073476,4.383613337431716,4.778373487174578,UK born
2013,All cases (adj),4.144449380132392,3.9599262045013455,4.335395437098737,UK born
2014,All cases (adj),3.904169690301505,3.7256063032559923,4.089144955035932,UK born
2015,All cases (adj),3.459438641344333,3.2914095450387304,3.6338931828122427,UK born
2016,All cases (adj),0,NaN,0.00830912100031416,UK born
2e3,0-14,0,0,275.28951150103995,NA
2001,0-14,0,0,242.3705291796278,NA
2002,0-14,0,0,198.7542809328629,NA
2003,0-14,0,0,326.4495092136226,NA
2004,0-14,0,0,112.98252539399496,NA
2005,0-14,0,0,342.5143411433552,NA
2006,0-14,0,0,400.52979957806025,NA
2007,0-14,0,0,315.82872038646707,NA
2008,0-14,0,0,223.43303780217659,NA
2009,0-14,0,0,260.69819463702726,NA
2010,0-14,NA,NA,NA,NA
2011,0-14,0,0,334.13763171321875,NA
2012,0-14,NA,NA,NA,NA
2013,0-14,NA,NA,NA,NA
2014,0-14,0,0,244.62065345583125,NA
2015,0-14,0,0,140.04857456772723,NA
2016,0-14,0,0,103.07011606912366,NA
2e3,15-64,0,0,80.00172314278758,NA
2001,15-64,0,0,53.516312985839775,NA
2002,15-64,0,0,109.07390461602411,NA
2003,15-64,0,0,172.94324679390226,NA
2004,15-64,0,0,77.53004317179351,NA
2005,15-64,0,0,66.62234881910665,NA
2006,15-64,0,0,74.32761342159854,NA
2007,15-64,0,0,41.7955977125984,NA
2008,15-64,0,0,63.601369898516126,NA
2009,15-64,0,0,68.78387943527756,NA
2010,15-64,0,0,80.59601166952011,NA
2011,15-64,0,0,294.87445676370385,NA
2012,15-64,0,0,32.09395731785223,NA
2013,15-64,0,0,45.019275739735605,NA
2014,15-64,0,0,130.9506373487375,NA
2015,15-64,0,0,20.787103877572047,NA
2016,15-64,0,0,14.313516429124379,NA
2e3,65+,0,0,770.1209716313017,NA
2001,65+,0,0,61.66632320484679,NA
2002,65+,0,0,140.74320694826156,NA
2003,65+,0,0,363.0786864285369,NA
2004,65+,0,0,123.33264640969358,NA
2005,65+,0,0,140.20826507464596,NA
2006,65+,NA,NA,NA,NA
2007,65+,NA,NA,NA,NA
2008,65+,0,0,167.90530059690192,NA
2009,65+,0,0,204.9377474507742,NA
2010,65+,0,0,154.99493504680402,NA
2011,65+,0,0,855.8885044347878,NA
2012,65+,0,0,186.9680412627438,NA
2013,65+,0,0,81.63043713463013,NA
2014,65+,NA,NA,NA,NA
2015,65+,0,0,757.4701137810956,NA
2016,65+,NA,NA,NA,NA
2e3,All cases (crude),0,0,57.36982043723073,NA
2001,All cases (crude),0,0,25.62255646394343,NA
2002,All cases (crude),0,0,46.93828036790858,NA
2003,All cases (crude),0,0,86.20891456213919,NA
2004,All cases (crude),0,0,33.4926407673319,NA
2005,All cases (crude),0,0,39.90134617754392,NA
2006,All cases (crude),NA,NA,NA,NA
2007,All cases (crude),NA,NA,NA,NA
2008,All cases (crude),0,0,38.23465437514444,NA
2009,All cases (crude),0,0,43.003957264093444,NA
2010,All cases (crude),NA,NA,NA,NA
2011,All cases (crude),0,0,132.40773345706876,NA
2012,All cases (crude),NA,NA,NA,NA
2013,All cases (crude),NA,NA,NA,NA
2014,All cases (crude),NA,NA,NA,NA
2015,All cases (crude),0,0,17.67805364505648,NA
2016,All cases (crude),NA,NA,NA,NA
2e3,All cases (adj),NA,NA,NA,NA
2001,All cases (adj),NA,NA,NA,NA
2002,All cases (adj),NA,NA,NA,NA
2003,All cases (adj),NA,NA,NA,NA
2004,All cases (adj),NA,NA,NA,NA
2005,All cases (adj),NA,NA,NA,NA
2006,All cases (adj),NA,NA,NA,NA
2007,All cases (adj),NA,NA,NA,NA
2008,All cases (adj),NA,NA,NA,NA
2009,All cases (adj),NA,NA,NA,NA
2010,All cases (adj),NA,NA,NA,NA
2011,All cases (adj),NA,NA,NA,NA
2012,All cases (adj),NA,NA,NA,NA
2013,All cases (adj),NA,NA,NA,NA
2014,All cases (adj),NA,NA,NA,NA
2015,All cases (adj),NA,NA,NA,NA
2016,All cases (adj),NA,NA,NA,NA
